id,question,expected_file,expected_function,retrieved,hit,hit_rank
q01,"Which HTTP status codes make raise_for_status raise an error, and how does its message tell a client error apart from a server error?",models.py,Response.raise_for_status,models.py::Response.raise_for_status; models.py::Response.ok; models.py::Response.__bool__,yes,1
q02,"If I send a POST request with no body, does requests still send a Content-Length header?",models.py,PreparedRequest.prepare_content_length,models.py::PreparedRequest.prepare_content_length; models.py::Response.__init__; models.py::PreparedRequest.prepare_body,yes,1
q03,Which redirect status codes count as permanent redirects in requests?,models.py,Response.is_permanent_redirect,models.py::Response.is_permanent_redirect; models.py::Response.is_redirect; sessions.py::SessionRedirectMixin.resolve_redirects,yes,1
q04,"When a POST request gets redirected, in which cases does requests change it into a GET?",sessions.py,SessionRedirectMixin.rebuild_method,sessions.py::SessionRedirectMixin.rebuild_method; sessions.py::Session.get; sessions.py::SessionRedirectMixin.get_redirect_target,yes,1
q05,"If a header is set on the Session but I set that same header to None for a single request, what happens to the header?",sessions.py,merge_setting,sessions.py::Session.head; sessions.py::Session.__init__; api.py::head,no,
q06,What character set does requests assume for a text response when the server does not say which one it used?,utils.py,get_encoding_from_headers,models.py::Response.text; models.py::Response.json; models.py::Response.apparent_encoding,no,
q07,What User-Agent string does requests send if I do not set one myself?,utils.py,default_user_agent,utils.py::default_user_agent; auth.py::_basic_auth_str; adapters.py::HTTPAdapter.request_url,yes,1
q08,"Which hash algorithms can digest authentication use, and which one is used when the server does not name one?",auth.py,HTTPDigestAuth.build_digest_header,auth.py::HTTPDigestAuth.build_digest_header; auth.py::HTTPDigestAuth.handle_401; cookies.py::RequestsCookieJar._find_no_duplicates,yes,1
q09,What happens if I pass verify a path to a CA bundle that does not exist?,adapters.py,HTTPAdapter.cert_verify,adapters.py::HTTPAdapter.cert_verify; utils.py::extract_zipped_paths; adapters.py::HTTPAdapter.build_connection_pool_key_attributes,yes,1
q10,How many times per month is requests downloaded from PyPI?,,,adapters.py::_urllib3_request_context; api.py::request; auth.py::HTTPDigestAuth.__call__,n/a,
